window,variant_id,confidence_tier,pi80_half_width_pct,pi90_half_width_pct,n_place_years
primary,B-II,HIGH,4.377291800210229,5.59743611158005,90
primary,B-II,MODERATE,11.321925566851652,23.437520285718968,90
primary,B-II,LOWER,8.337710428988292,13.039023610568538,720
primary,B-II,EXCLUDED,23.63450920392192,40.81430732892349,2660
secondary,B-II,HIGH,7.146683403587518,10.442887222221804,45
secondary,B-II,MODERATE,11.119721634119085,13.966588953432257,45
secondary,B-II,LOWER,6.661963480108749,10.08820096522849,360
secondary,B-II,EXCLUDED,13.97132829862741,22.4532997222676,1325
