{
  "model_1_simple_network": {
    "specification": "Flow ~ log(Diaspora_Stock)",
    "n_observations": 4845,
    "coefficients": {
      "const": {
        "estimate": 1.266582403662363,
        "std_error": 0.9801949051919836,
        "z_statistic": 1.2921740328922509,
        "p_value": 0.1962968821805804,
        "ci_95_lower": -0.6545643083435777,
        "ci_95_upper": 3.1877291156683034
      },
      "log_diaspora": {
        "estimate": 0.4478909199808008,
        "std_error": 0.10416771709284747,
        "z_statistic": 4.299709473152643,
        "p_value": 1.7102215952080613e-05,
        "ci_95_lower": 0.24372594612706233,
        "ci_95_upper": 0.6520558938345392
      }
    },
    "standard_errors": {
      "model_based": 0.0005973451253038001,
      "hc1": 0.04920536449942569,
      "cluster_state": 0.043424444188792474,
      "cluster_origin": 0.10671175516128974,
      "cluster_two_way": 0.10416771709284747,
      "used": 0.10416771709284747
    },
    "fit_statistics": {
      "log_likelihood": -934340.0063569909,
      "aic": 1868684.0127139818,
      "bic": 1812221.6971766327,
      "pseudo_r2_mcfadden": 0.23598040804746523,
      "correlation_actual_fitted": 0.27962916584306563,
      "deviance": 1853317.954501938,
      "pearson_chi2": 15267555.535303287
    }
  },
  "model_2_full_gravity": {
    "specification": "Flow ~ log(Diaspora) + log(Origin_Mass) + log(Dest_Mass)",
    "n_observations": 4845,
    "coefficients": {
      "const": {
        "estimate": -7.710909386279547,
        "std_error": 3.123026184615757,
        "z_statistic": -2.4690505075698757,
        "p_value": 0.013547209580402342,
        "ci_95_lower": -13.831928230901969,
        "ci_95_upper": -1.589890541657125
      },
      "log_diaspora": {
        "estimate": 0.13952824892750423,
        "std_error": 0.24784174923220664,
        "z_statistic": 0.562973144596305,
        "p_value": 0.5734531710929001,
        "ci_95_lower": -0.34623265343302834,
        "ci_95_upper": 0.6252891512880369
      },
      "log_origin_total": {
        "estimate": 0.0461295874629808,
        "std_error": 0.19184476395057645,
        "z_statistic": 0.24045267909873644,
        "p_value": 0.8099793437988656,
        "ci_95_lower": -0.32987924050273715,
        "ci_95_upper": 0.42213841542869873
      },
      "log_state_total": {
        "estimate": 0.7917204255235035,
        "std_error": 0.21157335259284427,
        "z_statistic": 3.742061161393539,
        "p_value": 0.00018251707785377214,
        "ci_95_lower": 0.3770442743531347,
        "ci_95_upper": 1.2063965766938725
      }
    },
    "standard_errors": {
      "model_based": 0.0016147368310022593,
      "hc1": 0.17622461561729819,
      "cluster_state": 0.11312342546229685,
      "cluster_origin": 0.28232852938796626,
      "cluster_two_way": 0.24784174923220664,
      "used": 0.24784174923220664
    },
    "fit_statistics": {
      "log_likelihood": -734628.6741179258,
      "aic": 1469265.3482358516,
      "bic": 1412816.004103551,
      "pseudo_r2_mcfadden": 0.3992864524504155,
      "correlation_actual_fitted": 0.3506140218905289,
      "deviance": 1453895.2900238077,
      "pearson_chi2": 4088669.4734535553
    }
  },
  "model_3_state_fixed_effects": {
    "specification": "Flow ~ log(Diaspora) + State_FE",
    "n_observations": 4845,
    "n_state_dummies": 50,
    "network_elasticity": {
      "estimate": 0.1625438505318896,
      "std_error": 0.14758724172417054,
      "z_statistic": 1.101340797707107,
      "p_value": 0.2707483612623536,
      "ci_95_lower": -0.1267218278250918,
      "ci_95_upper": 0.45180952888887105
    },
    "standard_errors": {
      "model_based": 0.0007597604485430628,
      "hc1": 0.07086404179335974,
      "cluster_state": 0.03306732161590907,
      "cluster_origin": 0.16051398666995093,
      "cluster_two_way": 0.14758724172417054,
      "used": 0.14758724172417054
    },
    "fit_statistics": {
      "log_likelihood": -717292.0313201576,
      "aic": 1434688.0626403152,
      "bic": 1378550.032229182,
      "pseudo_r2_mcfadden": 0.4134628065250123,
      "correlation_actual_fitted": NaN
    }
  },
  "model_comparison": {
    "preferred_model": "Full Gravity",
    "aic_comparison": {
      "simple": 1868684.0127139818,
      "full": 1469265.3482358516,
      "state_fe": 1434688.0626403152
    },
    "network_elasticity_comparison": {
      "simple": 0.4478909199808008,
      "full": 0.13952824892750423,
      "state_fe": 0.1625438505318896
    }
  },
  "interpretation": {
    "diaspora_association_full": 0.13952824892750423,
    "interpretation": "A 1% increase in diaspora stock is associated with a 0.1395% increase in new LPR admissions",
    "effect_strength": "weak"
  }
}
