{
  "model_type": "Random Forest Regressor",
  "dependent_variable": "intl_migration_share",
  "n_observations": 765,
  "n_features": 5,
  "model_parameters": {
    "n_estimators": 500,
    "max_depth": 10,
    "min_samples_split": 5,
    "min_samples_leaf": 2
  },
  "fit_statistics": {
    "r_squared": 0.9873108174677665,
    "rmse": 0.0033775614332350002,
    "oob_score": 0.9532698950435113
  },
  "cross_validation": {
    "n_folds": 5,
    "cv_r2_mean": 0.9447728486626612,
    "cv_r2_std": 0.017115015337408487
  },
  "feature_importance": {
    "log_population": {
      "impurity_importance": 0.930465509316846,
      "permutation_importance_mean": 2.15222826502963,
      "permutation_importance_std": 0.09385315227649314,
      "relative_importance_pct": 93.0465509316846
    },
    "death_rate": {
      "impurity_importance": 0.030272161182999847,
      "permutation_importance_mean": 0.07394478920115674,
      "permutation_importance_std": 0.007683452530828834,
      "relative_importance_pct": 3.0272161182999846
    },
    "dom_mig_rate": {
      "impurity_importance": 0.02597940260865159,
      "permutation_importance_mean": 0.04357682218430379,
      "permutation_importance_std": 0.0038464308199883572,
      "relative_importance_pct": 2.597940260865159
    },
    "birth_rate": {
      "impurity_importance": 0.006801743917914168,
      "permutation_importance_mean": 0.005782249426188398,
      "permutation_importance_std": 0.0004914555051862823,
      "relative_importance_pct": 0.6801743917914168
    },
    "natural_rate": {
      "impurity_importance": 0.006481182973588328,
      "permutation_importance_mean": 0.0047470937748734605,
      "permutation_importance_std": 0.0004918283541563792,
      "relative_importance_pct": 0.6481182973588329
    }
  },
  "importance_ranking": [
    "log_population",
    "death_rate",
    "dom_mig_rate",
    "birth_rate",
    "natural_rate"
  ],
  "feature_importance_spss_style": {
    "table_title": "Random Forest Feature Importance",
    "method": "Permutation importance (30 repeats)",
    "columns": [
      "Variable",
      "Impurity Importance",
      "Permutation Importance",
      "Std Dev",
      "Relative %"
    ],
    "rows": [
      {
        "variable": "log_population",
        "impurity": "0.9305",
        "permutation": "2.1522",
        "std": "0.0939",
        "relative_pct": "93.0%"
      },
      {
        "variable": "death_rate",
        "impurity": "0.0303",
        "permutation": "0.0739",
        "std": "0.0077",
        "relative_pct": "3.0%"
      },
      {
        "variable": "dom_mig_rate",
        "impurity": "0.0260",
        "permutation": "0.0436",
        "std": "0.0038",
        "relative_pct": "2.6%"
      },
      {
        "variable": "birth_rate",
        "impurity": "0.0068",
        "permutation": "0.0058",
        "std": "0.0005",
        "relative_pct": "0.7%"
      },
      {
        "variable": "natural_rate",
        "impurity": "0.0065",
        "permutation": "0.0047",
        "std": "0.0005",
        "relative_pct": "0.6%"
      }
    ]
  }
}
