{
  "method": {
    "primary": "K-Means Clustering",
    "secondary": "Hierarchical Agglomerative Clustering (Ward linkage)"
  },
  "n_states": 53,
  "n_features": 8,
  "features_used": [
    "avg_intl_share",
    "avg_intl_mig_rate",
    "avg_dom_mig_rate",
    "avg_birth_rate",
    "avg_death_rate",
    "avg_growth_rate",
    "log_avg_population",
    "intl_share_volatility"
  ],
  "optimal_k_analysis": {
    "k_range_tested": [
      2,
      3,
      4,
      5,
      6,
      7,
      8,
      9,
      10
    ],
    "inertias": [
      341.18584905774264,
      267.15336192624784,
      196.33510218173797,
      159.24997770366713,
      135.72641604531233,
      116.36563688589433,
      103.32638833379164,
      92.99422163498059,
      83.82097507341184
    ],
    "silhouette_scores": [
      0.6437630014080847,
      0.23729796003029688,
      0.2594492286974759,
      0.22849479641304912,
      0.2387961857192853,
      0.2612630481786068,
      0.25855497047249215,
      0.24113641339629244,
      0.24452954172616684
    ],
    "calinski_harabasz_scores": [
      12.378947455526893,
      14.677584154551298,
      18.93969352929506,
      19.949768994428172,
      19.964954267041175,
      20.26826974290415,
      19.951081723622163,
      19.576826914617644,
      19.390132175590903
    ],
    "davies_bouldin_scores": [
      0.2470529027156777,
      1.0915371300937038,
      0.8186283310473297,
      0.8719473769988983,
      0.8815346583403612,
      0.8439717983624562,
      0.8100016974554727,
      0.9305352006933885,
      0.8583202809712718
    ],
    "optimal_k_by_method": {
      "silhouette": 2,
      "calinski_harabasz": 7,
      "davies_bouldin": 2,
      "elbow": 9
    },
    "selected_k": 2,
    "selection_criterion": "Maximum silhouette score"
  },
  "quality_metrics": {
    "kmeans": {
      "silhouette_score": 0.6437630014080847,
      "calinski_harabasz": 12.378947455526893,
      "davies_bouldin": 0.2470529027156777,
      "inertia": 341.1858490577427
    },
    "hierarchical": {
      "silhouette_score": 0.6293975215770933,
      "calinski_harabasz": 12.478618863509785,
      "davies_bouldin": 1.2246013504719684
    }
  },
  "cluster_sizes": {
    "kmeans": {
      "0": 52,
      "1": 1
    },
    "hierarchical": {
      "0": 2,
      "1": 51
    }
  },
  "states_by_cluster": {
    "cluster_0": [
      "Alabama",
      "Alaska",
      "Arizona",
      "Arkansas",
      "California",
      "Colorado",
      "Connecticut",
      "Delaware",
      "District of Columbia",
      "Florida",
      "Georgia",
      "Hawaii",
      "Idaho",
      "Illinois",
      "Indiana",
      "Iowa",
      "Kansas",
      "Kentucky",
      "Louisiana",
      "Maine",
      "Maryland",
      "Massachusetts",
      "Michigan",
      "Minnesota",
      "Mississippi",
      "Missouri",
      "Montana",
      "Nebraska",
      "Nevada",
      "New Hampshire",
      "New Jersey",
      "New Mexico",
      "New York",
      "North Carolina",
      "North Dakota",
      "Ohio",
      "Oklahoma",
      "Oregon",
      "Pennsylvania",
      "Rhode Island",
      "South Carolina",
      "South Dakota",
      "Tennessee",
      "Texas",
      "United States",
      "Utah",
      "Vermont",
      "Virginia",
      "Washington",
      "West Virginia",
      "Wisconsin",
      "Wyoming"
    ],
    "cluster_1": [
      "Puerto Rico"
    ]
  },
  "cluster_centroids": [
    {
      "avg_intl_share": 0.01974352423636331,
      "avg_intl_mig_rate": 2.5514691592541485,
      "avg_dom_mig_rate": 0.48077069670441464,
      "avg_birth_rate": 10.618116105657512,
      "avg_death_rate": 8.230729465531773,
      "avg_growth_rate": 5.419643053083777,
      "log_avg_population": 15.248516416539324,
      "intl_share_volatility": 0.0021295470001643974,
      "cluster": 0
    },
    {
      "avg_intl_share": -0.026663260290892134,
      "avg_intl_mig_rate": -11.207639687219324,
      "avg_dom_mig_rate": 0.0,
      "avg_birth_rate": 7.350797341202113,
      "avg_death_rate": 8.251432623133088,
      "avg_growth_rate": -12.108274969150301,
      "log_avg_population": 15.037840258746497,
      "intl_share_volatility": 0.02494921535111482,
      "cluster": 1
    }
  ],
  "cluster_profiles": {
    "cluster_0": {
      "avg_intl_share": {
        "mean": 0.01974352423636331,
        "std": 0.0714082202366677,
        "min": 0.00028652969556203017,
        "max": 0.513331630145446
      },
      "avg_intl_mig_rate": {
        "mean": 2.5514691592541476,
        "std": 1.411471057191095,
        "min": 0.6518499022439382,
        "max": 6.9587657833171725
      },
      "avg_dom_mig_rate": {
        "mean": 0.48077069670441486,
        "std": 4.095460032532119,
        "min": -7.95699713250889,
        "max": 8.923626781647222
      },
      "avg_birth_rate": {
        "mean": 10.618116105657512,
        "std": 1.16579727987434,
        "min": 8.054413121459307,
        "max": 14.208137168193113
      },
      "avg_death_rate": {
        "mean": 8.230729465531775,
        "std": 1.219803873668451,
        "min": 5.2901450235887895,
        "max": 11.802341633257877
      },
      "avg_growth_rate": {
        "mean": 5.419643053083776,
        "std": 4.5993667141268455,
        "min": -3.008128326187209,
        "max": 14.323035032543453
      },
      "log_avg_population": {
        "mean": 15.248516416539323,
        "std": 1.2008567187743966,
        "min": 13.270467010643216,
        "max": 19.59788805207841
      },
      "intl_share_volatility": {
        "mean": 0.002129547000164398,
        "std": 0.0028195319037575724,
        "min": 0.00019931077583195973,
        "max": 0.012586189179605202
      }
    },
    "cluster_1": {
      "avg_intl_share": {
        "mean": -0.02666326029089213,
        "std": NaN,
        "min": -0.02666326029089213,
        "max": -0.02666326029089213
      },
      "avg_intl_mig_rate": {
        "mean": -11.207639687219324,
        "std": NaN,
        "min": -11.207639687219324,
        "max": -11.207639687219324
      },
      "avg_dom_mig_rate": {
        "mean": 0.0,
        "std": NaN,
        "min": 0.0,
        "max": 0.0
      },
      "avg_birth_rate": {
        "mean": 7.350797341202113,
        "std": NaN,
        "min": 7.350797341202113,
        "max": 7.350797341202113
      },
      "avg_death_rate": {
        "mean": 8.251432623133088,
        "std": NaN,
        "min": 8.251432623133088,
        "max": 8.251432623133088
      },
      "avg_growth_rate": {
        "mean": -12.1082749691503,
        "std": NaN,
        "min": -12.1082749691503,
        "max": -12.1082749691503
      },
      "log_avg_population": {
        "mean": 15.037840258746497,
        "std": NaN,
        "min": 15.037840258746497,
        "max": 15.037840258746497
      },
      "intl_share_volatility": {
        "mean": 0.02494921535111482,
        "std": NaN,
        "min": 0.02494921535111482,
        "max": 0.02494921535111482
      }
    }
  },
  "north_dakota": {
    "cluster": 0,
    "peer_states": [
      "Alabama",
      "Alaska",
      "Arizona",
      "Arkansas",
      "California",
      "Colorado",
      "Connecticut",
      "Delaware",
      "District of Columbia",
      "Florida",
      "Georgia",
      "Hawaii",
      "Idaho",
      "Illinois",
      "Indiana",
      "Iowa",
      "Kansas",
      "Kentucky",
      "Louisiana",
      "Maine",
      "Maryland",
      "Massachusetts",
      "Michigan",
      "Minnesota",
      "Mississippi",
      "Missouri",
      "Montana",
      "Nebraska",
      "Nevada",
      "New Hampshire",
      "New Jersey",
      "New Mexico",
      "New York",
      "North Carolina",
      "Ohio",
      "Oklahoma",
      "Oregon",
      "Pennsylvania",
      "Rhode Island",
      "South Carolina",
      "South Dakota",
      "Tennessee",
      "Texas",
      "United States",
      "Utah",
      "Vermont",
      "Virginia",
      "Washington",
      "West Virginia",
      "Wisconsin",
      "Wyoming"
    ],