{
  "model_type": "Two-way Fixed Effects",
  "panel_info": {
    "n_entities": 51,
    "n_periods": 15,
    "n_observations": 765,
    "balanced": true
  },
  "coefficients": {
    "const": {
      "estimate": 19818.51372549019,
      "se": 1.081429484586598e-12,
      "t": 1.8326219146009584e+16,
      "p_value": 0.0,
      "ci_95": [
        19818.513725490186,
        19818.513725490193
      ]
    }
  },
  "r_squared": {
    "within": 0.0,
    "between": 0.0,
    "overall": 0.0
  },
  "f_test_fe": {
    "statistic": NaN,
    "p_value": NaN,
    "note": "F-test for joint significance from clustered robust covariance"
  },
  "entity_effects_summary": {
    "mean": -2.1399875335833605e-13,
    "sd": 30943.602882791052,
    "min": -19331.580392156862,
    "max": 125526.15294117646,
    "median": -11876.04705882353
  },
  "model_diagnostics": {
    "residual_sum_of_squares": 410565000793.7019,
    "total_sum_of_squares": 410565000793.7019,
    "log_likelihood": -8774.091509223568
  },
  "cluster_robust_se": true,
  "n_clusters": 51,
  "entity_effects_by_state": {
    "Alabama": -14340.180392156863,
    "Alaska": -17848.980392156864,
    "Arizona": 793.0862745098018,
    "Arkansas": -16735.980392156864,
    "California": 106258.55294117647,
    "Colorado": -7957.24705882353,
    "Connecticut": -4343.447058823529,
    "Delaware": -17575.380392156865,
    "District of Columbia": -15099.780392156861,
    "Florida": 125526.15294117646,
    "Georgia": 4734.286274509804,
    "Hawaii": -13832.64705882353,
    "Idaho": -17193.980392156864,
    "Illinois": 14692.752941176474,
    "Indiana": -7227.180392156863,
    "Iowa": -12867.04705882353,
    "Kansas": -13503.513725490197,
    "Kentucky": -11363.64705882353,
    "Louisiana": -12431.313725490198,
    "Maine": -17960.64705882353,
    "Maryland": 4217.219607843138,
    "Massachusetts": 21598.61960784313,
    "Michigan": 4043.486274509803,
    "Minnesota": -6503.180392156863,
    "Mississippi": -17119.513725490197,
    "Missouri": -11284.64705882353,
    "Montana": -19053.180392156864,
    "Nebraska": -15236.380392156863,
    "Nevada": -12947.380392156863,
    "New Hampshire": -17151.913725490198,
    "New Jersey": 22302.152941176468,
    "New Mexico": -15826.84705882353,
    "New York": 61555.01960784314,
    "North Carolina": 3952.752941176469,
    "North Dakota": -18022.24705882353,
    "Ohio": 3409.152941176472,
    "Oklahoma": -13189.04705882353,
    "Oregon": -12216.580392156862,
    "Pennsylvania": 11977.686274509802,
    "Rhode Island": -15664.113725490197,
    "South Carolina": -11876.04705882353,
    "South Dakota": -18233.180392156864,
    "Tennessee": -9575.113725490197,
    "Texas": 89231.55294117647,
    "Utah": -11421.64705882353,
    "Vermont": -18837.513725490197,
    "Virginia": 9536.152941176471,
    "Washington": 9893.419607843136,
    "West Virginia": -18638.04705882353,
    "Wisconsin": -11312.913725490196,
    "Wyoming": -19331.580392156862
  },
  "time_effects": {
    "2010": -16291.2,
    "2011": -4224.494117647058,
    "2012": -2980.552941176473,
    "2013": -3157.1803921568644,
    "2014": -1276.650980392158,
    "2015": 968.0549019607824,
    "2016": 1064.1725490196077,
    "2017": -1222.5921568627455,
    "2018": -5703.396078431373,
    "2019": -8668.729411764707,
    "2020": -19428.61176470588,
    "2021": -12445.886274509805,
    "2022": 13388.054901960782,
    "2023": 25167.741176470587,
    "2024": 34811.27058823529
  }
}
