{
  "nd_cross_sectional_ppml": {
    "n_observations": 95,
    "n_origin_countries": 95,
    "coefficients": {
      "const": {
        "estimate": 2.611465087151047,
        "std_error": 0.06221301484987007,
        "p_value": 0.0
      },
      "log_diaspora": {
        "estimate": 0.014582969691358149,
        "std_error": 0.012586397379372845,
        "z_statistic": 1.1586293719962613,
        "p_value": 0.24660729107693136,
        "ci_95_lower": -0.010085915867321948,
        "ci_95_upper": 0.03925185525003824
      }
    },
    "fit_statistics": {
      "pseudo_r2": 0.00023818278514931013,
      "correlation_actual_fitted": 0.006456850147884892,
      "aic": 5657.143637131966,
      "deviance": 5492.469238461342
    }
  },
  "nd_panel_ols": {
    "n_observations": 707,
    "n_countries": 88,
    "years": [
      2010,
      2011,
      2012,
      2013,
      2014,
      2015,
      2016,
      2017,
      2018,
      2019,
      2020,
      2021,
      2022,
      2023
    ],
    "coefficients": {
      "const": {
        "estimate": 0.4833849412053937,
        "std_error": 0.25500531278773847,
        "p_value": 0.05842331915167045
      },
      "network_elasticity": {
        "estimate": 0.8506798478794928,
        "std_error": 0.04556601009543284,
        "t_statistic": 18.669175688146503,
        "p_value": 1.656176778734832e-63,
        "ci_95_lower": 0.7612185239322885,
        "ci_95_upper": 0.9401411718266971
      }
    },
    "fit_statistics": {
      "r_squared": 0.3308263023130543,
      "adj_r_squared": 0.3298771197631438,
      "f_statistic": 348.53812087488035,
      "f_p_value": 1.6561767787344346e-63
    },
    "interpretation": {
      "elasticity": 0.8506798478794928,
      "description": "A 1% increase in lagged diaspora stock is associated with a 0.8507% increase in current stock"
    }
  },
  "nd_panel_with_controls": {
    "n_observations": 707,
    "coefficients": {
      "const": {
        "estimate": 0.17482346017648892,
        "std_error": 0.24585500009046266,
        "t_statistic": 0.7110836066468544,
        "p_value": 0.47726795050532633
      },
      "log_stock_lag1": {
        "estimate": 0.6769690728996101,
        "std_error": 0.04805494853574731,
        "t_statistic": 14.087395648671304,
        "p_value": 6.927149617381567e-40
      },
      "log_initial": {
        "estimate": 0.26156645629923125,
        "std_error": 0.030926590073355128,
        "t_statistic": 8.457655877315243,
        "p_value": 1.57100425346337e-16
      }
    },
    "fit_statistics": {
      "r_squared": 0.39254818907103006,
      "adj_r_squared": 0.39082247369907275
    },
    "interpretation": {
      "network_elasticity_with_controls": 0.6769690728996101,
      "initial_size_effect": 0.26156645629923125
    }
  },
  "summary": {
    "cross_sectional_elasticity": 0.014582969691358149,
    "panel_elasticity": 0.8506798478794928,
    "controlled_elasticity": 0.6769690728996101
  }
}
