{
  "model_type": "Robust Regression (M-estimators)",
  "estimators": [
    "OLS",
    "Huber M-estimator",
    "Tukey Biweight"
  ],
  "n_observations": 15,
  "comparison_table": {
    "variable": [
      "const",
      "time_trend",
      "covid_2020"
    ],
    "ols": {
      "const": {
        "estimate": 490.82034346103023,
        "std_error": 556.7416336396763,
        "t_stat": 0.8815944664535178,
        "p_value": 0.39531165734653073
      },
      "time_trend": {
        "estimate": 210.9738441215323,
        "std_error": 68.86636661778635,
        "t_stat": 3.0635251209411614,
        "p_value": 0.009834412280893119
      },
      "covid_2020": {
        "estimate": -2570.5587846763538,
        "std_error": 1192.8004591467122,
        "t_stat": -2.1550618671921384,
        "p_value": 0.052169558600296956
      }
    },
    "huber": {
      "const": {
        "estimate": 494.72586312332146,
        "std_error": 495.87828249398353,
        "t_stat": 0.9976760035449302,
        "p_value": 0.3184364929478525
      },
      "time_trend": {
        "estimate": 237.32437175825845,
        "std_error": 61.33785141373203,
        "t_stat": 3.8691340874898557,
        "p_value": 0.00010922256578592811
      },
      "covid_2020": {
        "estimate": -2837.9695807059056,
        "std_error": 1062.4027507569435,
        "t_stat": -2.6712746919037076,
        "p_value": 0.007556378169232784
      }
    },
    "tukey": {
      "const": {
        "estimate": 454.1050004968547,
        "std_error": 510.1035851089669,
        "t_stat": 0.8902211506705056,
        "p_value": 0.3733471498459259
      },
      "time_trend": {
        "estimate": 257.6712891563572,
        "std_error": 63.09745559265433,
        "t_stat": 4.083703324264548,
        "p_value": 4.432361204644638e-05
      },
      "covid_2020": {
        "estimate": -3000.817892060427,
        "std_error": 1092.879989147983,
        "t_stat": -2.7457890361776007,
        "p_value": 0.0060365567186638665
      }
    }
  },
  "percent_difference_from_ols": {
    "huber_vs_ols": {
      "const": 0.795712670495964,
      "time_trend": 12.489949996619881,
      "covid_2020": -10.402827495081784
    },
    "tukey_vs_ols": {
      "const": -7.480403665682743,
      "time_trend": 22.13423433092714,
      "covid_2020": -16.737960242299803
    }
  },
  "influential_observations": {
    "huber_outliers": {
      "count": 2,
      "years": [
        2019,
        2021
      ],
      "threshold": 0.5
    },
    "tukey_outliers": {
      "count": 2,
      "years": [
        2019,
        2021
      ],
      "threshold": 0.5
    }
  },
  "weights_by_year": {
    "2010": {
      "huber_weight": 1.0,
      "tukey_weight": 0.9999677415766015
    },
    "2011": {
      "huber_weight": 1.0,
      "tukey_weight": 0.9589760692681009
    },
    "2012": {
      "huber_weight": 1.0,
      "tukey_weight": 0.9823073719271614
    },
    "2013": {
      "huber_weight": 1.0,
      "tukey_weight": 0.9998786919531018
    },
    "2014": {
      "huber_weight": 1.0,
      "tukey_weight": 0.9545306620562958
    },
    "2015": {
      "huber_weight": 1.0,
      "tukey_weight": 0.9577641498147971
    },
    "2016": {
      "huber_weight": 1.0,
      "tukey_weight": 0.9718659543165306
    },
    "2017": {
      "huber_weight": 1.0,
      "tukey_weight": 0.9371318046318297
    },
    "2018": {
      "huber_weight": 0.8405553700665518,
      "tukey_weight": 0.7484297348860205
    },
    "2019": {
      "huber_weight": 0.4824855816346997,
      "tukey_weight": 0.3799386116619703
    },
    "2020": {
      "huber_weight": 1.0,
      "tukey_weight": 1.0
    },
    "2021": {
      "huber_weight": 0.3632160290969627,
      "tukey_weight": 0.1062714090862449
    },
    "2022": {
      "huber_weight": 1.0,
      "tukey_weight": 0.9887818191219172
    },
    "2023": {
      "huber_weight": 1.0,
      "tukey_weight": 0.9640230709590527
    },
    "2024": {
      "huber_weight": 0.7348364579221625,
      "tukey_weight": 0.8189660478394787
    }
  },
  "ols_diagnostics": {
    "r_squared": 0.49983497504012075,
    "adj_r_squared": 0.4164741375468075,
    "f_statistic": 5.996040707726994,
    "f_pvalue": 0.015655967722375593
  },
  "interpretation": {
    "robustness": "Substantial differences indicate outliers affect OLS estimates",
    "covid_2020": "Year 2020 weight: Huber=1.000, Tukey=1.000"
  }
}
