{
  "module": "2.1",
  "analysis": "arima_time_series_modeling",
  "generated": "2025-12-29T06:07:05.641998+00:00",
  "input_files": [
    "nd_migration_summary.csv"
  ],
  "dependencies": {
    "module_2_1_1": {
      "status": "loaded",
      "file": "results/module_2_1_1_unit_root_tests.json",
      "key_results_used": [
        "integration_order"
      ]
    }
  },
  "parameters": {
    "target_variable": "nd_intl_migration",
    "n_observations": 15,
    "time_period": "2010-2024",
    "integration_order_from_unit_root": 1,
    "forecast_horizon": 5,
    "forecast_years": "2025-2029",
    "confidence_levels": [
      0.8,
      0.95
    ]
  },
  "results": {
    "model": "ARIMA(0, 1, 0)",
    "model_selection": {
      "method": "auto_arima",
      "order": [
        0,
        1,
        0
      ],
      "seasonal_order": null,
      "selection_criteria": {
        "aic": 238.41865405948357,
        "bic": 239.05771138909884
      }
    },
    "parameters": {
      "sigma2": {
        "coef": 1257166.8874422295,
        "se": 418920.33733789425
      }
    },
    "fit_statistics": {
      "aic": 238.41865405948357,
      "bic": 239.05771138909884,
      "hqic": 238.3594976220383,
      "log_likelihood": -118.20932702974179,
      "n_observations": 15
    },
    "ljung_box": {
      "lag_5": {
        "statistic": 5.095238204352211,
        "df": 5,
        "p_value": 0.40436819709915167
      },
      "lag_10": {
        "skipped": "Lag 10 exceeds max_lag 7 for sample size 15"
      },
      "lag_15": {
        "skipped": "Lag 15 exceeds max_lag 7 for sample size 15"
      },
      "lag_20": {
        "skipped": "Lag 20 exceeds max_lag 7 for sample size 15"
      }
    },
    "residual_diagnostics": {
      "mean": 341.73333333333335,
      "std": 1037.6925984552884,
      "skewness": 0.41427955123948745,
      "kurtosis": 0.3523758159409409,
      "jarque_bera": {
        "statistic": 0.5066743137255052,
        "p_value": 0.7762061344761106
      },
      "shapiro_wilk": {
        "statistic": 0.9675440595333222,
        "p_value": 0.8201664235420318
      }
    },
    "forecasts": [
      {
        "horizon": 1,
        "point": 5126.0,
        "se": 1121.2345372143284,
        "ci_80": [
          3689.080123490302,
          6562.919876509698
        ],
        "ci_95": [
          2928.4206888374815,
          7323.579311162519
        ]
      },
      {
        "horizon": 2,
        "point": 5126.0,
        "se": 1585.665089129624,
        "ci_80": [
          3093.888422596512,
          7158.111577403488
        ],
        "ci_95": [
          2018.1535337634423,
          8233.846466236559
        ]
      },
      {
        "horizon": 3,
        "point": 5126.0,
        "se": 1942.035185656194,
        "ci_80": [
          2637.181767479606,
          7614.818232520394
        ],
        "ci_95": [
          1319.6809794043024,
          8932.319020595698
        ]
      },
      {
        "horizon": 4,
        "point": 5126.0,
        "se": 2242.4690744286568,
        "ci_80": [
          2252.160246980604,
          7999.839753019396
        ],
        "ci_95": [
          730.841377674963,
          9521.158622325038
        ]
      },
      {
        "horizon": 5,
        "point": 5126.0,
        "se": 2507.156643931756,
        "ci_80": [
          1912.9494779037118,
          8339.050522096288
        ],
        "ci_95": [
          212.06327429344583,
          10039.936725706553
        ]
      }
    ]
  },
  "diagnostics": {
    "figures_generated": [
      "module_2_1_series_with_fitted.png",
      "module_2_1_acf_pacf_original.png",
      "module_2_1_acf_pacf_residuals.png",
      "module_2_1_residual_diagnostics.png",
      "module_2_1_forecast_fan_chart.png"
    ],
    "model_adequacy": {
      "ljung_box_interpretation": [
        "lag_5: p=0.404 (no autocorrelation)"
      ],
      "residual_normality": "acceptable"
    },
    "forecast_quality_note": "Wide intervals due to small sample and COVID volatility"
  },
  "decisions": [
    {
      "decision_id": "D001",
      "timestamp": "2025-12-29T06:07:03.380696+00:00",
      "category": "model_specification",
      "decision": "Use d=1 from unit root tests",
      "rationale": "Module 2.1.1 determined nd_intl_migration is I(1), requiring first differencing",
      "alternatives_considered": [
        "Let auto_arima determine d",
        "Use d=0 for levels"
      ],
      "evidence": "ADF test on level: p=0.5564 (fail to reject unit root), ADF on diff: p=0.0025 (reject)",
      "reversible": true
    },
    {
      "decision_id": "D002",
      "timestamp": "2025-12-29T06:07:03.429340+00:00",
      "category": "model_selection",
      "decision": "Selected ARIMA(0, 1, 0) via auto_arima",
      "rationale": "Minimum AIC=238.42 among candidate models with d=1",
      "alternatives_considered": [
        "Manual model selection via ACF/PACF",
        "Grid search over all orders"
      ],
      "evidence": "auto_arima with stepwise search, max_p=3, max_q=3",
      "reversible": true
    },
    {
      "decision_id": "D003",
      "timestamp": "2025-12-29T06:07:03.474509+00:00",
      "category": "methodology",
      "decision": "Proceed with ARIMA despite short series (n=15)",
      "rationale": "Sample size is small for reliable ARIMA, but this is all available data. Results should be interpreted with caution. Wide prediction intervals reflect uncertainty.",
      "alternatives_considered": [
        "Use simpler models only",
        "Skip ARIMA entirely"
      ],
      "evidence": "Standard recommendation is n>=30 for ARIMA",
      "reversible": false
    }
  ],
  "warnings": [
    "Short time series (n=15) limits model reliability. Prediction intervals are wide.",
    "2020 COVID year (value=30) may distort model estimates and forecasts."
  ],
  "next_steps": [
    "Use forecasts for scenario modeling (Module 9)",
    "Compare ARIMA forecasts with VAR model forecasts (Module 2.2)",
    "Incorporate structural breaks if identified (Module 2.1.2)",
    "Consider policy scenario adjustments based on immigration regime changes"
  ]
}
