{
  "model_type": "Robust Regression (M-estimators)",
  "estimators": [
    "OLS",
    "Huber M-estimator",
    "Tukey Biweight"
  ],
  "n_observations": 15,
  "comparison_table": {
    "variable": [
      "const",
      "time_trend",
      "covid_2020"
    ],
    "ols": {
      "const": {
        "estimate": 490.82034346103023,
        "std_error": 556.7416336396763,
        "t_stat": 0.8815944664535178,
        "p_value": 0.39531165734653073
      },
      "time_trend": {
        "estimate": 210.97384412153235,
        "std_error": 68.86636661778635,
        "t_stat": 3.0635251209411622,
        "p_value": 0.009834412280893108
      },
      "covid_2020": {
        "estimate": -2570.558784676354,
        "std_error": 1192.8004591467122,
        "t_stat": -2.155061867192139,
        "p_value": 0.052169558600296956
      }
    },
    "huber": {
      "const": {
        "estimate": 494.7258631233226,
        "std_error": 495.87828249398393,
        "t_stat": 0.9976760035449318,
        "p_value": 0.3184364929478516
      },
      "time_trend": {
        "estimate": 237.32437175825825,
        "std_error": 61.337851413732075,
        "t_stat": 3.86913408748985,
        "p_value": 0.00010922256578593059
      },
      "covid_2020": {
        "estimate": -2837.969580705906,
        "std_error": 1062.4027507569444,
        "t_stat": -2.6712746919037054,
        "p_value": 0.007556378169232833
      }
    },
    "tukey": {
      "const": {
        "estimate": 454.10500049685356,
        "std_error": 510.10358510896725,
        "t_stat": 0.8902211506705028,
        "p_value": 0.37334714984592743
      },
      "time_trend": {
        "estimate": 257.6712891563573,
        "std_error": 63.09745559265436,
        "t_stat": 4.083703324264548,
        "p_value": 4.432361204644638e-05
      },
      "covid_2020": {
        "estimate": -3000.817892060426,
        "std_error": 1092.8799891479837,
        "t_stat": -2.745789036177598,
        "p_value": 0.006036556718663912
      }
    }
  },
  "percent_difference_from_ols": {
    "huber_vs_ols": {
      "const": 0.7957126704961957,
      "time_trend": 12.489949996619757,
      "covid_2020": -10.402827495081782
    },
    "tukey_vs_ols": {
      "const": -7.480403665682974,
      "time_trend": 22.13423433092716,
      "covid_2020": -16.73796024229975
    }
  },
  "influential_observations": {
    "huber_outliers": {
      "count": 2,
      "years": [
        2019,
        2021
      ],
      "threshold": 0.5
    },
    "tukey_outliers": {
      "count": 2,
      "years": [
        2019,
        2021
      ],
      "threshold": 0.5
    }
  },
  "weights_by_year": {
    "2010": {
      "huber_weight": 1.0,
      "tukey_weight": 0.9999677415766015
    },
    "2011": {
      "huber_weight": 1.0,
      "tukey_weight": 0.9589760692681009
    },
    "2012": {
      "huber_weight": 1.0,
      "tukey_weight": 0.9823073719271614
    },
    "2013": {
      "huber_weight": 1.0,
      "tukey_weight": 0.9998786919531018
    },
    "2014": {
      "huber_weight": 1.0,
      "tukey_weight": 0.954530662056296
    },
    "2015": {
      "huber_weight": 1.0,
      "tukey_weight": 0.9577641498147971
    },
    "2016": {
      "huber_weight": 1.0,
      "tukey_weight": 0.9718659543165306
    },
    "2017": {
      "huber_weight": 1.0,
      "tukey_weight": 0.9371318046318299
    },
    "2018": {
      "huber_weight": 0.8405553700665503,
      "tukey_weight": 0.748429734886021
    },
    "2019": {
      "huber_weight": 0.4824855816346988,
      "tukey_weight": 0.37993861166197196
    },
    "2020": {
      "huber_weight": 1.0,
      "tukey_weight": 1.0
    },
    "2021": {
      "huber_weight": 0.3632160290969619,
      "tukey_weight": 0.10627140908624641
    },
    "2022": {
      "huber_weight": 1.0,
      "tukey_weight": 0.9887818191219172
    },
    "2023": {
      "huber_weight": 1.0,
      "tukey_weight": 0.9640230709590529
    },
    "2024": {
      "huber_weight": 0.7348364579221597,
      "tukey_weight": 0.8189660478394799
    }
  },
  "ols_diagnostics": {
    "r_squared": 0.49983497504012064,
    "adj_r_squared": 0.4164741375468074,
    "f_statistic": 5.9960407077269915,
    "f_pvalue": 0.015655967722375635
  },
  "interpretation": {
    "robustness": "Substantial differences indicate outliers affect OLS estimates",
    "covid_2020": "Year 2020 weight: Huber=1.000, Tukey=1.000"
  }
}
