{
  "module": "2.1.1",
  "analysis": "unit_root_tests",
  "generated": "2026-01-02T17:21:12.001912+00:00",
  "input_files": [
    "census.state_components (PostgreSQL)"
  ],
  "parameters": {
    "variables_tested": [
      "nd_share_of_us_intl_pct",
      "nd_intl_migration",
      "us_intl_migration"
    ],
    "n_observations": 15,
    "time_period": "2010-2024",
    "significance_level": 0.05,
    "adf_autolag": "AIC",
    "kpss_nlags": "auto",
    "zivot_andrews_regression": "c",
    "zivot_andrews_trim": 0.15,
    "zivot_andrews_maxlag": 1
  },
  "results": {
    "variables": {
      "nd_share_of_us_intl_pct": {
        "n_observations": 15,
        "mean": 0.1731126489268452,
        "std": 0.052318902608613715,
        "adf_level": {
          "series": "nd_share_of_us_intl_pct",
          "statistic": -2.004226168756995,
          "p_value": 0.2847231513964522,
          "used_lag": 5,
          "n_obs_used": 9,
          "critical_values": {
            "1%": -4.473135048010974,
            "5%": -3.28988060356653,
            "10%": -2.7723823456790124
          },
          "ic_best": -25.129730601598965,
          "regression_type": "c",
          "regression": {
            "constant": {
              "coef": 0.2568792982935857,
              "se": 0.09230680642152306,
              "t": 2.78288577248069
            },
            "rho_minus_1": {
              "coef": -1.4849148798121394,
              "se": 0.4890557505573026,
              "t": -3.0362895807277748
            },
            "diff_lag_1": {
              "coef": 0.37652131612384776,
              "se": 0.40453865457735877,
              "t": 0.9307424936121813
            },
            "diff_lag_2": {
              "coef": 0.5481137100324909,
              "se": 0.3231694358709342,
              "t": 1.6960567714435526
            },
            "diff_lag_3": {
              "coef": 0.30609727333422576,
              "se": 0.32250677384253695,
              "t": 0.9491188965961903
            },
            "diff_lag_4": {
              "coef": -0.16837621084046345,
              "se": 0.3090032254517411,
              "t": -0.5449011433272556
            },
            "diff_lag_5": {
              "coef": 0.009146028720371027,
              "se": 0.2711916007558664,
              "t": 0.033725339187788916
            }
          }
        },
        "kpss_level": {
          "series": "nd_share_of_us_intl_pct",
          "statistic": 0.0702932090246256,
          "p_value": 0.1,
          "lags_used": 1,
          "critical_values": {
            "10%": 0.347,
            "5%": 0.463,
            "2.5%": 0.574,
            "1%": 0.739
          },
          "regression_type": "level"
        },
        "phillips_perron_level": {
          "statistic": -4.263697110119462,
          "p_value": 0.0005130993784872697,
          "lags_used": 0,
          "n_obs_used": 14,
          "critical_values": {
            "1%": -4.01203360058309,
            "5%": -3.1041838775510207,
            "10%": -2.6909873469387753
          },
          "note": "PP test approximated using DF test (maxlag=0) for small sample"
        },
        "zivot_andrews_level": {
          "series": "nd_share_of_us_intl_pct",
          "statistic": -5.605683187852617,
          "p_value": 0.002782256790115549,
          "critical_values": {
            "1%": -5.27644,
            "5%": -4.81067,
            "10%": -4.56618
          },
          "used_lag": 0,
          "break_index": 8,
          "break_year": 2018,
          "regression_type": "level",
          "trim": 0.15,
          "autolag": "AIC"
        },
        "adf_differenced": {
          "series": "d(nd_share_of_us_intl_pct)",
          "statistic": -6.214191059942854,
          "p_value": 5.4157813805922624e-08,
          "used_lag": 0,
          "n_obs_used": 13,
          "critical_values": {
            "1%": -4.068853732362312,
            "5%": -3.1271488757396453,
            "10%": -2.7017297633136095
          },
          "ic_best": -16.034757315862137,
          "regression_type": "c",
          "regression": {
            "constant": {
              "coef": -0.00029884188610588007,
              "se": 0.0189968259270381,
              "t": -0.015731148311494483
            },
            "rho_minus_1": {
              "coef": -1.483897341783333,
              "se": 0.2387917151998507,
              "t": -6.2141910599428565
            }
          }
        },
        "kpss_differenced": {
          "series": "d(nd_share_of_us_intl_pct)",
          "statistic": 0.5000000000000011,
          "p_value": 0.04166666666666642,
          "lags_used": 13,
          "critical_values": {
            "10%": 0.347,
            "5%": 0.463,
            "2.5%": 0.574,
            "1%": 0.739
          },
          "regression_type": "level"
        },
        "integration_order": {
          "integration_order": 1,
          "conclusion": "I(1) - First-difference stationary",
          "evidence": [
            "ADF fails to reject unit root in level (p=0.2847)",
            "ADF rejects unit root in first difference (p=0.0000)"
          ],
          "level_tests": {
            "adf_rejects_unit_root": false,
            "kpss_rejects_stationarity": false
          },
          "differenced_tests": {
            "adf_rejects_unit_root": true,
            "kpss_rejects_stationarity": true
          },
          "significance_level": 0.05
        }
      },
      "nd_intl_migration": {
        "n_observations": 15,
        "mean": 1796.2666666666667,
        "std": 1432.0705972666137,
        "adf_level": {
          "series": "nd_intl_migration",
          "statistic": -1.4534467368641997,
          "p_value": 0.5564021716016188,
          "used_lag": 5,
          "n_obs_used": 9,
          "critical_values": {
            "1%": -4.473135048010974,
            "5%": -3.28988060356653,
            "10%": -2.7723823456790124
          },
          "ic_best": 126.15737494726133,
          "regression_type": "c",
          "regression": {
            "constant": {
              "coef": 1105.175340428545,
              "se": 677.5739226259528,
              "t": 1.6310771467494105
            },
            "rho_minus_1": {
              "coef": -0.6004923607252057,
              "se": 0.5200630048850855,
              "t": -1.1546530998833346
            },
            "diff_lag_1": {
              "coef": 0.08387208269750684,
              "se": 0.5263275518294596,
              "t": 0.1593533958197253
            },
            "diff_lag_2": {
              "coef": 0.5281381249508232,
              "se": 0.43763025076562967,
              "t": 1.2068135692787483
            },
            "diff_lag_3": {
              "coef": -0.6944818386741559,
              "se": 0.4260203871792082,
              "t": -1.6301610429315385
            },
            "diff_lag_4": {
              "coef": -1.1234193463122477,
              "se": 0.500856614890349,
              "t": -2.2429959252074454
            },
            "diff_lag_5": {
              "coef": -0.13859338272028496,
              "se": 0.5390961516072654,
              "t": -0.2570847191304957
            }
          }
        },
        "kpss_level": {
          "series": "nd_intl_migration",
          "statistic": 0.32327930438225816,
          "p_value": 0.1,
          "lags_used": 1,
          "critical_values": {
            "10%": 0.347,
            "5%": 0.463,
            "2.5%": 0.574,
            "1%": 0.739
          },
          "regression_type": "level"
        },
        "phillips_perron_level": {
          "statistic": -0.619562204264031,
          "p_value": 0.8665002222315037,
          "lags_used": 0,
          "n_obs_used": 14,
          "critical_values": {
            "1%": -4.01203360058309,
            "5%": -3.1041838775510207,
            "10%": -2.6909873469387753
          },