{
  "method": {
    "primary": "K-Means Clustering",
    "secondary": "Hierarchical Agglomerative Clustering (Ward linkage)"
  },
  "n_states": 51,
  "n_features": 8,
  "features_used": [
    "avg_intl_share",
    "avg_intl_mig_rate",
    "avg_dom_mig_rate",
    "avg_birth_rate",
    "avg_death_rate",
    "avg_growth_rate",
    "log_avg_population",
    "intl_share_volatility"
  ],
  "optimal_k_analysis": {
    "k_range_tested": [
      2,
      3,
      4,
      5,
      6,
      7,
      8,
      9,
      10
    ],
    "inertias": [
      300.3274121766078,
      232.37361436703014,
      193.46170184163776,
      164.9468091629866,
      156.96081612105124,
      125.31352849512402,
      120.70899999992292,
      106.08360850979129,
      98.71591404261287
    ],
    "silhouette_scores": [
      0.4779778097709744,
      0.2436976296476733,
      0.23115725930982456,
      0.2295250924888525,
      0.21707479495706727,
      0.2508413773542623,
      0.23076413893059783,
      0.2551666546158025,
      0.2431665275772722
    ],
    "calinski_harabasz_scores": [
      17.56735013000971,
      18.139035564225903,
      17.373464476355675,
      16.945533586307565,
      14.394373772675095,
      16.542779931775307,
      14.620182185505401,
      14.94162083652441,
      14.272884465415462
    ],
    "davies_bouldin_scores": [
      0.9489837437202685,
      1.295846499006748,
      1.2598633370527303,
      1.2135773372778254,
      1.0328577622275346,
      1.0709664972048905,
      1.0295379821679047,
      0.9727297702877036,
      0.8877687341944398
    ],
    "optimal_k_by_method": {
      "silhouette": 2,
      "calinski_harabasz": 3,
      "davies_bouldin": 10,
      "elbow": 6
    },
    "selected_k": 2,
    "selection_criterion": "Maximum silhouette score"
  },
  "quality_metrics": {
    "kmeans": {
      "silhouette_score": 0.4779778097709744,
      "calinski_harabasz": 17.56735013000971,
      "davies_bouldin": 0.9489837437202685,
      "inertia": 300.32741217660794
    },
    "hierarchical": {
      "silhouette_score": 0.4779778097709744,
      "calinski_harabasz": 17.56735013000971,
      "davies_bouldin": 0.9489837437202685
    }
  },
  "cluster_sizes": {
    "kmeans": {
      "0": 4,
      "1": 47
    },
    "hierarchical": {
      "0": 4,
      "1": 47
    }
  },
  "states_by_cluster": {
    "cluster_0": [
      "California",
      "Florida",
      "New York",
      "Texas"
    ],
    "cluster_1": [
      "Alabama",
      "Alaska",
      "Arizona",
      "Arkansas",
      "Colorado",
      "Connecticut",
      "Delaware",
      "District of Columbia",
      "Georgia",
      "Hawaii",
      "Idaho",
      "Illinois",
      "Indiana",
      "Iowa",
      "Kansas",
      "Kentucky",
      "Louisiana",
      "Maine",
      "Maryland",
      "Massachusetts",
      "Michigan",
      "Minnesota",
      "Mississippi",
      "Missouri",
      "Montana",
      "Nebraska",
      "Nevada",
      "New Hampshire",
      "New Jersey",
      "New Mexico",
      "North Carolina",
      "North Dakota",
      "Ohio",
      "Oklahoma",
      "Oregon",
      "Pennsylvania",
      "Rhode Island",
      "South Carolina",
      "South Dakota",
      "Tennessee",
      "Utah",
      "Vermont",
      "Virginia",
      "Washington",
      "West Virginia",
      "Wisconsin",
      "Wyoming"
    ]
  },
  "cluster_centroids": [
    {
      "avg_intl_share": 0.1110892912092567,
      "avg_intl_mig_rate": 4.478797338265192,
      "avg_dom_mig_rate": -0.18717879017600758,
      "avg_birth_rate": 10.716253886627877,
      "avg_death_rate": 7.242184365260108,
      "avg_growth_rate": 7.762122994259384,
      "log_avg_population": 17.069326379544258,
      "intl_share_volatility": 0.017385530951839256,
      "cluster": 0
    },
    {
      "avg_intl_share": 0.011822187982190917,
      "avg_intl_mig_rate": 2.376128082836643,
      "avg_dom_mig_rate": 0.54784662530497,
      "avg_birth_rate": 10.609765657087772,
      "avg_death_rate": 8.321523956373847,
      "avg_growth_rate": 5.212538137893049,
      "log_avg_population": 15.001014044463604,
      "intl_share_volatility": 0.002548124944072118,
      "cluster": 1
    }
  ],
  "cluster_profiles": {
    "cluster_0": {
      "avg_intl_share": {
        "mean": 0.1110892912092567,
        "std": 0.024145421008233612,
        "min": 0.08334613674502056,
        "max": 0.14124750692578392
      },
      "avg_intl_mig_rate": {
        "mean": 4.478797338265192,
        "std": 1.5729887879394389,
        "min": 3.2360075099243093,
        "max": 6.772156674965573
      },
      "avg_dom_mig_rate": {
        "mean": -0.18717879017600736,
        "std": 6.976998260603214,
        "min": -7.95699713250889,
        "max": 6.822583094058529
      },
      "avg_birth_rate": {
        "mean": 10.716253886627877,
        "std": 1.2028153584123054,
        "min": 9.414127928663284,
        "max": 12.307838646235844
      },
      "avg_death_rate": {
        "mean": 7.242184365260108,
        "std": 1.1438455643322538,
        "min": 6.31613733311322,
        "max": 8.818066730875532
      },
      "avg_growth_rate": {
        "mean": 7.762122994259385,
        "std": 7.604262379363292,
        "min": -0.8402879066373188,
        "max": 14.231218057131775
      },
      "log_avg_population": {
        "mean": 17.069326379544258,
        "std": 0.31271589270405403,
        "min": 16.794133199652663,
        "max": 17.474693630406385
      },
      "intl_share_volatility": {
        "mean": 0.017385530951839256,
        "std": 0.006034636328766944,
        "min": 0.011148432949565497,
        "max": 0.024797743820072035
      }
    },
    "cluster_1": {
      "avg_intl_share": {
        "mean": 0.011822187982190917,
        "std": 0.011533714307491236,
        "min": 0.0005551630215333742,
        "max": 0.04427902877587991
      },
      "avg_intl_mig_rate": {
        "mean": 2.3761280828366433,
        "std": 1.298793804269204,
        "min": 0.6518499022439382,
        "max": 6.9587657833171725
      },
      "avg_dom_mig_rate": {
        "mean": 0.5478466253049701,
        "std": 3.92081872161119,
        "min": -7.077482389927817,
        "max": 8.923626781647222
      },
      "avg_birth_rate": {
        "mean": 10.609765657087772,
        "std": 1.1880853469413624,
        "min": 8.054413121459307,
        "max": 14.208137168193113
      },
      "avg_death_rate": {
        "mean": 8.321523956373849,
        "std": 1.2119373786635017,
        "min": 5.2901450235887895,
        "max": 11.802341633257877
      },
      "avg_growth_rate": {
        "mean": 5.21253813789305,
        "std": 4.377042791342933,
        "min": -3.008128326187209,
        "max": 14.323035032543453
      },
      "log_avg_population": {
        "mean": 15.001014044463606,
        "std": 0.9112103498322737,
        "min": 13.270467010643216,
        "max": 16.36949580815699
      },
      "intl_share_volatility": {
        "mean": 0.002548124944072118,
        "std": 0.0018221970835764396,
        "min": 0.0003801614561462812,
        "max": 0.007917733777868318
      }
    }
  },
  "north_dakota": {
    "cluster": 1,