{
  "variable": "nd_share_of_us_intl_pct",
  "years": [
    2010,
    2011,
    2012,
    2013,
    2014,
    2015,
    2016,
    2017,
    2018,
    2019,
    2020,
    2021,
    2022,
    2023,
    2024
  ],
  "trend": [
    0.21143161122008253,
    0.18463684204584238,
    0.1656377586739721,
    0.1570112021169513,
    0.1589604585191461,
    0.1701792834923413,
    0.18018773274224764,
    0.18519047847456174,
    0.17643407507159145,
    0.1640377509556708,
    0.15760735944590312,
    0.15834179966635925,
    0.1663615913187774,
    0.17572895683497322,
    0.18494283332425818
  ],
  "cycle": [
    0.04872303626481128,
    -0.03261777993681367,
    -0.01483471792570959,
    -0.009434565828633196,
    -0.057335624412963485,
    0.04177885312491242,
    -0.030988236396179952,
    0.11795421275016385,
    -0.0032085943951925544,
    -0.05254346371895301,
    -0.006739871389579322,
    -0.03786435793701595,
    0.02772946673434809,
    0.010340949484996392,
    -0.0009593064181927791
  ],
  "lambda": 6.25,
  "trend_stats": {
    "mean": 0.17311264892684522,
    "sd": 0.014797328714008823,
    "min": 0.1570112021169513,
    "max": 0.21143161122008253
  },
  "cycle_stats": {
    "mean": -9.806970050855549e-17,
    "sd": 0.0453401998949745,
    "min": -0.057335624412963485,
    "max": 0.11795421275016385
  }
}
