{
  "variable": "nd_share_of_us_intl_pct",
  "years": [
    2010,
    2011,
    2012,
    2013,
    2014,
    2015,
    2016,
    2017,
    2018,
    2019,
    2020,
    2021,
    2022,
    2023,
    2024
  ],
  "trend": [
    0.2114316112200824,
    0.18463684204584227,
    0.165637758673972,
    0.15701120211695122,
    0.158960458519146,
    0.17017928349234127,
    0.18018773274224767,
    0.18519047847456174,
    0.1764340750715914,
    0.1640377509556707,
    0.15760735944590296,
    0.1583417996663591,
    0.16636159131877729,
    0.17572895683497314,
    0.18494283332425818
  ],
  "cycle": [
    0.04872303626481142,
    -0.03261777993681353,
    -0.01483471792570945,
    -0.009434565828633057,
    -0.05733562441296339,
    0.0417788531249125,
    -0.030988236396179952,
    0.1179542127501639,
    -0.0032085943951924156,
    -0.05254346371895284,
    -0.0067398713895791,
    -0.0378643579370158,
    0.027729466734348257,
    0.010340949484996503,
    -0.0009593064181927791
  ],
  "lambda": 6.25,
  "trend_stats": {
    "mean": 0.17311264892684514,
    "sd": 0.014797328714008837,
    "min": 0.15701120211695122,
    "max": 0.2114316112200824
  },
  "cycle_stats": {
    "mean": 1.850371707708594e-17,
    "sd": 0.04534019989497449,
    "min": -0.05733562441296339,
    "max": 0.1179542127501639
  }
}
