{
  "model_type": "Beta Regression (Binomial GLM with Logit Link)",
  "dependent_variable": "nd_share_bounded (ND share of US international migration)",
  "n_observations": 14,
  "coefficient_table": {
    "const": {
      "estimate": -6.3330959295453635,
      "std_error": 27.28540150477365,
      "z_statistic": -0.23210565285020168,
      "p_value": 0.8164559544236035,
      "ci_95_lower": -59.81150018261671,
      "ci_95_upper": 47.14530832352598,
      "odds_ratio": 0.0017765252494990175,
      "or_ci_95_lower": 1.0572933881656591e-26,
      "or_ci_95_upper": 2.985020049716833e+20
    },
    "time_trend": {
      "estimate": 0.011495854533941474,
      "std_error": 1.6434035376596983,
      "z_statistic": 0.006995150168845466,
      "p_value": 0.9944187231971077,
      "ci_95_lower": -3.2095158913447817,
      "ci_95_upper": 3.2325076004126645,
      "odds_ratio": 1.0115621858041994,
      "or_ci_95_lower": 0.04037615498758661,
      "or_ci_95_upper": 25.34312779568941
    },
    "covid_2020": {
      "estimate": -0.18899999133146395,
      "std_error": 28.1320880043194,
      "z_statistic": -0.006718306558064403,
      "p_value": 0.994639607246739,
      "ci_95_lower": -55.32687928970877,
      "ci_95_upper": 54.94887930704584,
      "odds_ratio": 0.8277865138704309,
      "or_ci_95_lower": 9.37220163603326e-25,
      "or_ci_95_upper": 7.311307835196999e+23
    },
    "lag_nd_share": {
      "estimate": -78.81694076634562,
      "std_error": 13056.985075148983,
      "z_statistic": -0.006036381317181394,
      "p_value": 0.9951836937932667,
      "ci_95_lower": -25670.03743473536,
      "ci_95_upper": 25512.403553202672,
      "odds_ratio": 5.891658214083845e-35,
      "or_ci_95_lower": 0.0,
      "or_ci_95_upper": Infinity
    }
  },
  "fit_statistics": {
    "deviance": 0.001720971174648004,
    "pearson_chi2": 0.0018263128290094692,
    "log_likelihood": -0.1494095358322371,
    "aic": 8.298819071664473,
    "bic": -26.388852324977936,
    "pseudo_r2_mcfadden": 0.0003600419467160165
  },
  "interpretation": {
    "time_trend": "Each year increases log-odds of ND share by 0.0115 (OR: 1.0116)",
    "covid_2020": "COVID year decreases log-odds by 0.1890",
    "lag_nd_share": "Strong persistence: lagged share coefficient = -78.8169"
  },
  "residual_diagnostics": {
    "mean_residual": -1.938579815028271e-14,
    "std_residual": 0.0004893782267439282,
    "min_residual": -0.0006368856512576925,
    "max_residual": 0.0013225885342166145
  }
}
