{
  "model_type": "Two-way Fixed Effects",
  "panel_info": {
    "n_entities": 51,
    "n_periods": 15,
    "n_observations": 765,
    "balanced": true
  },
  "coefficients": {
    "const": {
      "estimate": 19818.51372549019,
      "se": 8.666968382134336e-13,
      "t": 2.2866719770598336e+16,
      "p_value": 0.0,
      "ci_95": [
        19818.51372549019,
        19818.51372549019
      ]
    }
  },
  "r_squared": {
    "within": 0.0,
    "between": 0.0,
    "overall": 0.0
  },
  "f_test_fe": {
    "statistic": NaN,
    "p_value": NaN,
    "note": "F-test for joint significance from clustered robust covariance"
  },
  "entity_effects_summary": {
    "mean": 1.7833229446528004e-12,
    "sd": 30943.602882791052,
    "min": -19331.580392156862,
    "max": 125526.15294117646,
    "median": -11876.047058823528
  },
  "model_diagnostics": {
    "residual_sum_of_squares": 410565000793.7019,
    "total_sum_of_squares": 410565000793.7019,
    "log_likelihood": -8774.091509223568
  },
  "cluster_robust_se": true,
  "n_clusters": 51,
  "entity_effects_by_state": {
    "Alabama": -14340.18039215686,
    "Alaska": -17848.980392156864,
    "Arizona": 793.0862745098035,
    "Arkansas": -16735.98039215686,
    "California": 106258.55294117647,
    "Colorado": -7957.247058823528,
    "Connecticut": -4343.447058823527,
    "Delaware": -17575.380392156865,
    "District of Columbia": -15099.78039215686,
    "Florida": 125526.15294117646,
    "Georgia": 4734.2862745098055,
    "Hawaii": -13832.647058823528,
    "Idaho": -17193.98039215686,
    "Illinois": 14692.752941176474,
    "Indiana": -7227.180392156862,
    "Iowa": -12867.047058823528,
    "Kansas": -13503.513725490195,
    "Kentucky": -11363.647058823528,
    "Louisiana": -12431.313725490194,
    "Maine": -17960.647058823528,
    "Maryland": 4217.21960784314,
    "Massachusetts": 21598.619607843135,
    "Michigan": 4043.4862745098053,
    "Minnesota": -6503.180392156862,
    "Mississippi": -17119.513725490197,
    "Missouri": -11284.647058823528,
    "Montana": -19053.180392156864,
    "Nebraska": -15236.380392156863,
    "Nevada": -12947.380392156861,
    "New Hampshire": -17151.913725490194,
    "New Jersey": 22302.15294117647,
    "New Mexico": -15826.84705882353,
    "New York": 61555.01960784315,
    "North Carolina": 3952.7529411764713,
    "North Dakota": -18022.247058823526,
    "Ohio": 3409.1529411764736,
    "Oklahoma": -13189.047058823528,
    "Oregon": -12216.580392156862,
    "Pennsylvania": 11977.686274509806,
    "Rhode Island": -15664.113725490195,
    "South Carolina": -11876.047058823528,
    "South Dakota": -18233.18039215686,
    "Tennessee": -9575.113725490195,
    "Texas": 89231.55294117647,
    "Utah": -11421.647058823528,
    "Vermont": -18837.513725490197,
    "Virginia": 9536.152941176473,
    "Washington": 9893.419607843138,
    "West Virginia": -18638.047058823526,
    "Wisconsin": -11312.913725490194,
    "Wyoming": -19331.580392156862
  },
  "time_effects": {
    "2010": -16291.2,
    "2011": -4224.494117647058,
    "2012": -2980.552941176473,
    "2013": -3157.1803921568644,
    "2014": -1276.650980392158,
    "2015": 968.0549019607824,
    "2016": 1064.1725490196077,
    "2017": -1222.5921568627455,
    "2018": -5703.396078431373,
    "2019": -8668.729411764707,
    "2020": -19428.61176470588,
    "2021": -12445.886274509805,
    "2022": 13388.054901960782,
    "2023": 25167.741176470587,
    "2024": 34811.27058823529
  }
}
