{
  "generated": "2025-12-29T03:36:26.993825+00:00",
  "data_years": "2010-2024",
  "analysis": {
    "years": [
      2010,
      2011,
      2012,
      2013,
      2014,
      2015,
      2016,
      2017,
      2018,
      2019,
      2020,
      2021,
      2022,
      2023,
      2024
    ],
    "nd_intl_migration": [
      468,
      1209,
      1295,
      1254,
      961,
      2247,
      1589,
      2875,
      1247,
      634,
      30,
      453,
      3287,
      4269,
      5126
    ],
    "us_intl_migration": [
      179893,
      795295,
      858736,
      849728,
      945635,
      1060115,
      1065017,
      948392,
      719871,
      568639,
      19885,
      376004,
      1693535,
      2294299,
      2786119
    ],
    "nd_share_of_us_intl": [
      0.002601546474848938,
      0.0015201906210902873,
      0.0015080304074826256,
      0.0014757663628831815,
      0.0010162483410618261,
      0.0021195813661725378,
      0.001491994963460677,
      0.0030314469122472566,
      0.0017322548067639897,
      0.0011149428723671786,
      0.0015086748805632386,
      0.0012047744172934331,
      0.0019409105805312556,
      0.0018606990631996963,
      0.001839835269060654
    ],
    "nd_share_of_us_pop": [
      0.0021813539977641083,
      0.0022001358923132387,
      0.0022372633832094748,
      0.0022880121535931285,
      0.0023202503773332556,
      0.0023556131749917506,
      0.002340390295029041,
      0.0023276022602804814,
      0.002325499290858594,
      0.0023260868922306338,
      0.0023510717185702343,
      0.0023425671852337383,
      0.0023383727456457266,
      0.002342732786318315,
      0.002342082520427126
    ],
    "nd_intl_as_pct_of_change": [
      0.21497473587505742,
      0.11221459068126972,
      0.07754026704987725,
      0.05993690851735016,
      0.061653942387887344,
      0.13374203916433547,
      2.753899480069324,
      4.485179407176287,
      0.37707892349561534,
      0.17312943746586565,
      0.058027079303675046,
      -0.2836568566061365,
      1.0634098997088322,
      0.5342928660826033,
      0.6815583034170988
    ],
    "summary": {
      "mean_nd_share_intl": 0.0017311264892684516,
      "std_nd_share_intl": 0.0005415520918918676,
      "min_nd_share_intl": 0.0010162483410618261,
      "max_nd_share_intl": 0.0030314469122472566,
      "mean_nd_share_pop": 0.002307935644919923,
      "ratio_intl_to_pop_share": 0.7500757194330328
    }
  },
  "regression": {
    "linear_model": {
      "slope": 0.0019109887673355586,
      "intercept": -135.25414618289847,
      "r_squared": 0.9176123304392414,
      "p_value": 2.0222399333855385e-08,
      "std_err": 0.00015881369380283628,
      "interpretation": "For every 1 person increase in US intl migration, ND gets 0.001911 people"
    },
    "proportional_model": {
      "coefficient": 0.0017771723712752116,
      "r_squared": 0.9131128576396355,
      "interpretation": "ND receives 0.1777% of US international migration"
    },
    "recommendation": {
      "model": "proportional",
      "transfer_coefficient": 0.0017771723712752116
    }
  },
  "policy_scenarios": {
    "cbo_projections": {
      "2025_original": 1100000,
      "2025_revised": -290000,
      "change": -1390000,
      "percent_change": -127
    },
    "baseline": {
      "period": "2022-2024 average",
      "us_intl_migration": 2257984.3333333335,
      "nd_intl_migration": 4227.333333333333
    },
    "transfer_coefficient": 0.0017771723712752116,
    "scenarios": {
      "cbo_full": {
        "name": "Full CBO Reduction",
        "us_intl_migration": -290000,
        "nd_intl_migration": -515.3799876698114,
        "nd_change_from_baseline": -4742.713321003144,
        "adjustment_multiplier": -0.1284331320279311
      },
      "moderate": {
        "name": "50% Reduction from Baseline",
        "us_intl_migration": 1128992.1666666667,
        "nd_intl_migration": 2006.413685986139,
        "nd_change_from_baseline": -2220.919647347194,
        "adjustment_multiplier": 0.5
      },
      "zero_intl": {
        "name": "Zero International Migration",
        "us_intl_migration": 0,
        "nd_intl_migration": 0,
        "nd_change_from_baseline": -4227.333333333333,
        "adjustment_multiplier": 0.0
      }
    }
  }
}
