{
  "nd_cross_sectional_ppml": {
    "n_observations": 33,
    "n_origin_countries": 33,
    "coefficients": {
      "const": {
        "estimate": 4.455028625671791,
        "std_error": 0.06684361605694707,
        "p_value": 0.0
      },
      "log_diaspora": {
        "estimate": -0.15227419029289166,
        "std_error": 0.013729961327249943,
        "z_statistic": -11.090649613897462,
        "p_value": 1.3927267286089465e-28,
        "ci_95_lower": -0.1791844200034293,
        "ci_95_upper": -0.12536396058235402
      }
    },
    "fit_statistics": {
      "pseudo_r2": 0.0435076280623401,
      "correlation_actual_fitted": 0.11607716491668517,
      "aic": 2621.107644373756,
      "deviance": 2456.4332457031323
    }
  },
  "nd_panel_ols": {
    "n_observations": 707,
    "n_countries": 88,
    "years": [
      2010,
      2011,
      2012,
      2013,
      2014,
      2015,
      2016,
      2017,
      2018,
      2019,
      2020,
      2021,
      2022,
      2023
    ],
    "coefficients": {
      "const": {
        "estimate": 0.48338494120539377,
        "std_error": 0.25500531278773847,
        "p_value": 0.0584233191516704
      },
      "network_elasticity": {
        "estimate": 0.8506798478794928,
        "std_error": 0.04556601009543283,
        "t_statistic": 18.669175688146503,
        "p_value": 1.656176778734832e-63,
        "ci_95_lower": 0.7612185239322886,
        "ci_95_upper": 0.940141171826697
      }
    },
    "fit_statistics": {
      "r_squared": 0.3308263023130543,
      "adj_r_squared": 0.3298771197631438,
      "f_statistic": 348.53812087488035,
      "f_p_value": 1.6561767787344346e-63
    },
    "interpretation": {
      "elasticity": 0.8506798478794928,
      "description": "A 1% increase in lagged diaspora stock is associated with a 0.8507% increase in current stock"
    }
  },
  "nd_panel_with_controls": {
    "n_observations": 707,
    "coefficients": {
      "const": {
        "estimate": 0.17482346017649086,
        "std_error": 0.24585500009046263,
        "t_statistic": 0.7110836066468624,
        "p_value": 0.47726795050532145
      },
      "log_stock_lag1": {
        "estimate": 0.6769690728996094,
        "std_error": 0.04805494853574729,
        "t_statistic": 14.087395648671295,
        "p_value": 6.9271496173822606e-40
      },
      "log_initial": {
        "estimate": 0.2615664562992315,
        "std_error": 0.030926590073355128,
        "t_statistic": 8.45765587731525,
        "p_value": 1.5710042534632793e-16
      }
    },
    "fit_statistics": {
      "r_squared": 0.39254818907103006,
      "adj_r_squared": 0.39082247369907275
    },
    "interpretation": {
      "network_elasticity_with_controls": 0.6769690728996094,
      "initial_size_effect": 0.2615664562992315
    }
  },
  "summary": {
    "cross_sectional_elasticity": -0.15227419029289166,
    "panel_elasticity": 0.8506798478794928,
    "controlled_elasticity": 0.6769690728996094
  }
}
