{
  "model_without_distance": {
    "specification": "Flow ~ log(Diaspora) + log(Origin_Mass) + log(Dest_Mass)",
    "n_observations": 4845,
    "coefficients": {
      "const": {
        "estimate": -7.710909386279547,
        "std_error": 0.032604027872158665,
        "z_statistic": -236.5017419477816,
        "p_value": 0.0
      },
      "log_diaspora": {
        "estimate": 0.13952824892750423,
        "std_error": 0.0016147368310022593,
        "z_statistic": 86.40928122070501,
        "p_value": 0.0
      },
      "log_origin_total": {
        "estimate": 0.0461295874629808,
        "std_error": 0.0018544603521902403,
        "z_statistic": 24.874938635651446,
        "p_value": 1.3896122677064473e-136
      },
      "log_state_total": {
        "estimate": 0.7917204255235035,
        "std_error": 0.0017886736496329151,
        "z_statistic": 442.6298926503369,
        "p_value": 0.0
      }
    },
    "fit_statistics": {
      "log_likelihood": -734628.6741179258,
      "aic": 1469265.3482358516,
      "bic": 1412816.004103551,
      "pseudo_r2_mcfadden": 0.3992864524504155,
      "deviance": 1453895.2900238077
    }
  },
  "model_with_distance": {
    "specification": "Flow ~ log(Diaspora) + log(Origin_Mass) + log(Dest_Mass) + log(Distance)",
    "n_observations": 4845,
    "coefficients": {
      "const": {
        "estimate": -18.96102200118114,
        "std_error": 0.05557839791094795,
        "z_statistic": -341.1581246289605,
        "p_value": 0.0
      },
      "log_diaspora": {
        "estimate": 0.14107875425475946,
        "std_error": 0.0016205467329804021,
        "z_statistic": 87.05627019795769,
        "p_value": 0.0
      },
      "log_origin_total": {
        "estimate": 0.03703186942857685,
        "std_error": 0.0018878759523277655,
        "z_statistic": 19.615626430813037,
        "p_value": 1.1372722557523556e-85
      },
      "log_state_total": {
        "estimate": 0.7920708940822265,
        "std_error": 0.0017767553824508827,
        "z_statistic": 445.79625417519895,
        "p_value": 0.0
      },
      "log_distance": {
        "estimate": 1.2357380234557107,
        "std_error": 0.0051305950321975215,
        "z_statistic": 240.8566678330141,
        "p_value": 0.0
      }
    },
    "fit_statistics": {
      "log_likelihood": -693454.815683773,
      "aic": 1386919.631367546,
      "bic": 1330476.77293777,
      "pseudo_r2_mcfadden": 0.4329547469748325,
      "deviance": 1371547.5731555023
    }
  },
  "comparison": {
    "aic_improvement": 82345.71686830558,
    "bic_improvement": 82339.23116578092,
    "pseudo_r2_improvement": 0.033668294524417,
    "distance_coefficient": 1.2357380234557107,
    "distance_p_value": 0.0,
    "distance_significant_at_05": true,
    "network_elasticity_without_distance": 0.13952824892750423,
    "network_elasticity_with_distance": 0.14107875425475946
  }
}
