indicator,period,n,correlation,correlation_95_lower,correlation_95_upper,p_value,nd_share_mean_pct,nd_share_std_pct,interpretation
ND_intl_mig vs US_intl_mig,2009 (2000-2009),10,0.33963211910969177,-0.36887486799032754,0.798505049878804,0.3369851469287053,0.05163510142407446,0.044124235955421406,weak
ND_intl_mig vs US_intl_mig,2020 (2010-2019),10,0.6875606029170083,0.10216000683313362,0.9192415161047415,0.02800391416177495,0.17612003128378498,0.06080879680654442,moderate
ND_intl_mig vs US_intl_mig,2024 (2020-2024),5,0.9983791611687132,0.9743977953591197,0.9998985413364393,7.831374456581641e-05,0.16709788421296554,0.027606468092543253,very strong
