{
  "model": {
    "model_type": "Cox Proportional Hazards",
    "coefficient_table": {
      "log_intensity": {
        "coefficient": -0.8869125161085291,
        "hazard_ratio": 0.4119256050894812,
        "std_error": 0.09488463855318664,
        "z_statistic": -9.34727190441242,
        "p_value": 8.99375132135104e-21,
        "hr_ci_95_lower": 0.3420210512816074,
        "hr_ci_95_upper": 0.4961177199254462
      },
      "high_intensity": {
        "coefficient": 0.024929142620664244,
        "hazard_ratio": 1.025242471955869,
        "std_error": 0.12767420218957684,
        "z_statistic": 0.1952559106940668,
        "p_value": 0.8451926108679167,
        "hr_ci_95_lower": 0.7982705567679182,
        "hr_ci_95_upper": 1.316749211643258
      },
      "early_wave": {
        "coefficient": 0.3078572503129925,
        "hazard_ratio": 1.3605067631600327,
        "std_error": 0.07386103844605026,
        "z_statistic": 4.168060140907148,
        "p_value": 3.0720288999311804e-05,
        "hr_ci_95_lower": 1.1771453058755719,
        "hr_ci_95_upper": 1.5724300503644397
      },
      "peak_arrivals": {
        "coefficient": -0.4219068931449047,
        "hazard_ratio": 0.6557950955699587,
        "std_error": 0.11797498209892578,
        "z_statistic": -3.576240365869455,
        "p_value": 0.0003485711736633715,
        "hr_ci_95_lower": 0.5204124497864817,
        "hr_ci_95_upper": 0.8263968464821743
      },
      "nationality_region_Americas": {
        "coefficient": 0.5368546615931535,
        "hazard_ratio": 1.7106179193620354,
        "std_error": 0.19128321610600918,
        "z_statistic": 2.8065957511694526,
        "p_value": 0.005006802990364509,
        "hr_ci_95_lower": 1.1757972723733479,
        "hr_ci_95_upper": 2.4887059485483705
      },
      "nationality_region_Asia": {
        "coefficient": -0.2799717451011243,
        "hazard_ratio": 0.755805096350601,
        "std_error": 0.14913311995535888,
        "z_statistic": -1.877327753787558,
        "p_value": 0.06047318661403387,
        "hr_ci_95_lower": 0.5642446814997957,
        "hr_ci_95_upper": 1.0124000498350256
      },
      "nationality_region_Europe": {
        "coefficient": 0.4500500006307893,
        "hazard_ratio": 1.5683906040491902,
        "std_error": 0.1550881540146248,
        "z_statistic": 2.901897978541608,
        "p_value": 0.0037090931272734506,
        "hr_ci_95_lower": 1.157292012876973,
        "hr_ci_95_upper": 2.1255215274101094
      },
      "nationality_region_Middle East": {
        "coefficient": 0.1375345493554996,
        "hazard_ratio": 1.147441348646323,
        "std_error": 0.10189014373254114,
        "z_statistic": 1.3498317336417158,
        "p_value": 0.1770699632422349,
        "hr_ci_95_lower": 0.9397264443318588,
        "hr_ci_95_upper": 1.401069062730702
      },
      "nationality_region_Other": {
        "coefficient": 0.5087493541010575,
        "hazard_ratio": 1.6632098071532297,
        "std_error": 0.09363436794824198,
        "z_statistic": 5.433361331410679,
        "p_value": 5.530226313982551e-08,
        "hr_ci_95_lower": 1.3843481308654215,
        "hr_ci_95_upper": 1.9982450952430293
      },
      "state_region_Northeast": {
        "coefficient": -0.09715111258818476,
        "hazard_ratio": 0.9074188733577685,
        "std_error": 0.14031805367868636,
        "z_statistic": -0.6923635985619544,
        "p_value": 0.48870901970377767,
        "hr_ci_95_lower": 0.6892374453560215,
        "hr_ci_95_upper": 1.1946666816695586
      },
      "state_region_Other": {
        "coefficient": 0.08196413614408432,
        "hazard_ratio": 1.0854168818968395,
        "std_error": 0.10534146291747255,
        "z_statistic": 0.7780804810760727,
        "p_value": 0.43652156886562377,
        "hr_ci_95_lower": 0.8829370806554062,
        "hr_ci_95_upper": 1.334330422086395
      },
      "state_region_South": {
        "coefficient": 0.024903261996922825,
        "hazard_ratio": 1.025215938384563,
        "std_error": 0.11610552544370338,
        "z_statistic": 0.21448817273556703,
        "p_value": 0.8301663891500295,
        "hr_ci_95_lower": 0.8165563243516698,
        "hr_ci_95_upper": 1.2871956152593242
      },
      "state_region_West": {
        "coefficient": -0.10321984419595252,
        "hazard_ratio": 0.9019286679013484,
        "std_error": 0.12940341601028574,
        "z_statistic": -0.7976593460851761,
        "p_value": 0.42506820175115345,
        "hr_ci_95_lower": 0.6998803556463181,
        "hr_ci_95_upper": 1.1623062648059055
      }
    },
    "fit_statistics": {
      "log_likelihood": -4877.809233034444,
      "aic": 9781.618466068889,
      "bic": 9844.61490444732,
      "concordance_index": 0.7692550588546488,
      "concordance_se": null,
      "n_observations": 940,
      "n_events": 846
    },
    "proportional_hazards_test": {
      "test": "Schoenfeld residuals",
      "results_by_variable": {
        "log_intensity": {
          "test_statistic": null,
          "p_value": null,
          "assumption_violated": false
        },
        "high_intensity": {
          "test_statistic": null,
          "p_value": null,
          "assumption_violated": false
        },
        "early_wave": {
          "test_statistic": null,
          "p_value": null,
          "assumption_violated": false
        },
        "peak_arrivals": {
          "test_statistic": null,
          "p_value": null,
          "assumption_violated": false
        },
        "nationality_region_Americas": {
          "test_statistic": null,
          "p_value": null,
          "assumption_violated": false
        },
        "nationality_region_Asia": {
          "test_statistic": null,
          "p_value": null,
          "assumption_violated": false
        },
        "nationality_region_Europe": {
          "test_statistic": null,
          "p_value": null,
          "assumption_violated": false
        },
        "nationality_region_Middle East": {
          "test_statistic": null,
          "p_value": null,
          "assumption_violated": false
        },
        "nationality_region_Other": {
          "test_statistic": null,
          "p_value": null,
          "assumption_violated": false
        },
        "state_region_Northeast": {
          "test_statistic": null,
          "p_value": null,
          "assumption_violated": false
        },
        "state_region_Other": {
          "test_statistic": null,
          "p_value": null,
          "assumption_violated": false
        },
        "state_region_South": {
          "test_statistic": null,
          "p_value": null,
          "assumption_violated": false
        },
        "state_region_West": {
          "test_statistic": null,
          "p_value": null,
          "assumption_violated": false
        }
      },
      "global_test_passed": true
    },
    "interpretation": {
      "concordance": "Good",
      "significant_predictors": [
        "log_intensity",
        "early_wave",
        "peak_arrivals",
        "nationality_region_Americas",
        "nationality_region_Europe",
        "nationality_region_Other"
      ]
    }
  },
  "lifecycle_analysis": {
    "aggregate_statistics": {
      "mean_time_to_peak": 2.1893617021276595,
      "median_time_to_peak": 2.0,
      "mean_initiation_share": 0.28145599081769296,
      "mean_decline_share": 0.3490800186810825,
      "mean_total_duration": 3.5393617021276595
    },
    "by_nationality": {
      "Iraq": {
        "mean_duration": 5.280701754385965,
        "mean_time_to_peak": 2.8421052631578947,
        "total_peak_arrivals": 26931.0
      },
      "Burma": {
        "mean_duration": 5.525,
        "mean_time_to_peak": 3.25,
        "total_peak_arrivals": 23737.0
      },
      "Somalia": {
        "mean_duration": 3.2903225806451615,
        "mean_time_to_peak": 2.2096774193548385,
        "total_peak_arrivals": 22004.0
      },