{
  "module": "2.1.1",
  "analysis": "unit_root_tests",
  "generated": "2025-12-29T05:57:13.487254+00:00",
  "input_files": [
    "nd_migration_summary.csv"
  ],
  "parameters": {
    "variables_tested": [
      "nd_share_of_us_intl_pct",
      "nd_intl_migration",
      "us_intl_migration"
    ],
    "n_observations": 15,
    "time_period": "2010-2024",
    "significance_level": 0.05,
    "adf_autolag": "AIC",
    "kpss_nlags": "auto"
  },
  "results": {
    "variables": {
      "nd_share_of_us_intl_pct": {
        "n_observations": 15,
        "mean": 0.17311264892684516,
        "std": 0.0523189026086137,
        "adf_level": {
          "series": "nd_share_of_us_intl_pct",
          "statistic": -2.004226168756995,
          "p_value": 0.2847231513964522,
          "used_lag": 5,
          "n_obs_used": 9,
          "critical_values": {
            "1%": -4.473135048010974,
            "5%": -3.28988060356653,
            "10%": -2.7723823456790124
          },
          "ic_best": -25.12973060159895,
          "regression_type": "c",
          "regression": {
            "constant": {
              "coef": 0.25687929829358525,
              "se": 0.09230680642152263,
              "t": 2.782885772480698
            },
            "rho_minus_1": {
              "coef": -1.4849148798121377,
              "se": 0.48905575055730044,
              "t": -3.0362895807277845
            },
            "diff_lag_1": {
              "coef": 0.37652131612384626,
              "se": 0.40453865457735744,
              "t": 0.9307424936121806
            },
            "diff_lag_2": {
              "coef": 0.5481137100324897,
              "se": 0.32316943587093344,
              "t": 1.6960567714435528
            },
            "diff_lag_3": {
              "coef": 0.3060972733342245,
              "se": 0.3225067738425362,
              "t": 0.9491188965961886
            },
            "diff_lag_4": {
              "coef": -0.16837621084046397,
              "se": 0.30900322545174064,
              "t": -0.5449011433272581
            },
            "diff_lag_5": {
              "coef": 0.009146028720370573,
              "se": 0.2711916007558664,
              "t": 0.03372533918778724
            }
          }
        },
        "kpss_level": {
          "series": "nd_share_of_us_intl_pct",
          "statistic": 0.07029320902462563,
          "p_value": 0.1,
          "lags_used": 1,
          "critical_values": {
            "10%": 0.347,
            "5%": 0.463,
            "2.5%": 0.574,
            "1%": 0.739
          },
          "regression_type": "level"
        },
        "phillips_perron_level": {
          "statistic": -4.263697110119461,
          "p_value": 0.0005130993784872706,
          "lags_used": 0,
          "n_obs_used": 14,
          "critical_values": {
            "1%": -4.01203360058309,
            "5%": -3.1041838775510207,
            "10%": -2.6909873469387753
          },
          "note": "PP test approximated using DF test (maxlag=0) for small sample"
        },
        "adf_differenced": {
          "series": "d(nd_share_of_us_intl_pct)",
          "statistic": -6.214191059942855,
          "p_value": 5.4157813805922624e-08,
          "used_lag": 0,
          "n_obs_used": 13,
          "critical_values": {
            "1%": -4.068853732362312,
            "5%": -3.1271488757396453,
            "10%": -2.7017297633136095
          },
          "ic_best": -16.034757315862137,
          "regression_type": "c",
          "regression": {
            "constant": {
              "coef": -0.0002988418861058704,
              "se": 0.0189968259270381,
              "t": -0.015731148311493977
            },
            "rho_minus_1": {
              "coef": -1.4838973417833328,
              "se": 0.23879171519985076,
              "t": -6.214191059942854
            }
          }
        },
        "kpss_differenced": {
          "series": "d(nd_share_of_us_intl_pct)",
          "statistic": 0.4999999999999999,
          "p_value": 0.04166666666666669,
          "lags_used": 13,
          "critical_values": {
            "10%": 0.347,
            "5%": 0.463,
            "2.5%": 0.574,
            "1%": 0.739
          },
          "regression_type": "level"
        },
        "integration_order": {
          "integration_order": 1,
          "conclusion": "I(1) - First-difference stationary",
          "evidence": [
            "ADF fails to reject unit root in level (p=0.2847)",
            "ADF rejects unit root in first difference (p=0.0000)"
          ],
          "level_tests": {
            "adf_rejects_unit_root": false,
            "kpss_rejects_stationarity": false
          },
          "differenced_tests": {
            "adf_rejects_unit_root": true,
            "kpss_rejects_stationarity": true
          },
          "significance_level": 0.05
        }
      },
      "nd_intl_migration": {
        "n_observations": 15,
        "mean": 1796.2666666666667,
        "std": 1432.0705972666137,
        "adf_level": {
          "series": "nd_intl_migration",
          "statistic": -1.4534467368641693,
          "p_value": 0.5564021716016336,
          "used_lag": 5,
          "n_obs_used": 9,
          "critical_values": {
            "1%": -4.473135048010974,
            "5%": -3.28988060356653,
            "10%": -2.7723823456790124
          },
          "ic_best": 126.1573749472613,
          "regression_type": "c",
          "regression": {
            "constant": {
              "coef": 1105.1753404285453,
              "se": 677.5739226259527,
              "t": 1.6310771467494112
            },
            "rho_minus_1": {
              "coef": -0.6004923607252058,
              "se": 0.5200630048850854,
              "t": -1.154653099883335
            },
            "diff_lag_1": {
              "coef": 0.08387208269750829,
              "se": 0.5263275518294596,
              "t": 0.15935339581972802
            },
            "diff_lag_2": {
              "coef": 0.5281381249508235,
              "se": 0.4376302507656295,
              "t": 1.2068135692787494
            },
            "diff_lag_3": {
              "coef": -0.6944818386741572,
              "se": 0.42602038717920815,
              "t": -1.6301610429315418
            },
            "diff_lag_4": {
              "coef": -1.1234193463122475,
              "se": 0.500856614890349,
              "t": -2.242995925207445
            },
            "diff_lag_5": {
              "coef": -0.13859338272028365,
              "se": 0.5390961516072654,
              "t": -0.2570847191304933
            }
          }
        },
        "kpss_level": {
          "series": "nd_intl_migration",
          "statistic": 0.32327930438225816,
          "p_value": 0.1,
          "lags_used": 1,
          "critical_values": {
            "10%": 0.347,
            "5%": 0.463,
            "2.5%": 0.574,
            "1%": 0.739
          },
          "regression_type": "level"
        },
        "phillips_perron_level": {
          "statistic": -0.6195622042640315,
          "p_value": 0.8665002222315035,
          "lags_used": 0,
          "n_obs_used": 14,
          "critical_values": {
            "1%": -4.01203360058309,
            "5%": -3.1041838775510207,
            "10%": -2.6909873469387753
          },
          "note": "PP test approximated using DF test (maxlag=0) for small sample"
        },
        "adf_differenced": {
          "series": "d(nd_intl_migration)",
          "statistic": -3.8428940157830493,
          "p_value": 0.0024977127875415693,
          "used_lag": 3,
          "n_obs_used": 10,
          "critical_values": {
            "1%": -4.331573,
            "5%": -3.23295,
            "10%": -2.7487
          },
          "ic_best": 117.01639020412301,
          "regression_type": "c",
          "regression": {
            "constant": {
              "coef": 495.773824275667,
              "se": 283.7065525701755,